Country	USA	39.76	-98.5
Country	Germany	51.5	10.5
Country	Belgium	50.75	4.5
Country	UK	54.75844	-2.69531
Country	Japan	35.68536	139.75309
Country	England	53	-2
Country	Northern Ireland	54.5	-6.5
Country	Scotland	56	-4
Country	Netherlands	52.25	5.75
Country	Vietnam	16.16667	107.83333
State	OR	44.00013	-120.50139
State	CA	37.25022	-119.75126
State	NC	35.50069	-80.00032
State	SC	34.00043	-81.00009
State	WA	47.50012	-120.50147
State	GA	32.75042	-83.50018
State	MS	32.75041	-89.75036
