{
  "alignment": "results/aligned.fasta",
  "generated_by": {
    "program": "augur",
    "version": "11.1.2"
  },
  "input_tree": "results/tree_raw.nwk",
  "nodes": {
    "7612-D1": {
      "branch_length": 0.00106025
    },
    "7612-F10": {
      "branch_length": 0.00386111
    },
    "7612-F6": {
      "branch_length": 0.00160549
    },
    "7612-G11": {
      "branch_length": 0.00112091
    },
    "7881-A10": {
      "branch_length": 5.088e-05
    },
    "7881-D12": {
      "branch_length": 1e-06
    },
    "7881-D9": {
      "branch_length": 7.632e-05
    },
    "7881-G8": {
      "branch_length": 0.00106895
    },
    "7881-H5": {
      "branch_length": 0.00058565
    },
    "7885-A8": {
      "branch_length": 0.0001781
    },
    "7885-B8": {
      "branch_length": 0.0021165
    },
    "7885-B9": {
      "branch_length": 0.00086532
    },
    "7885-C1": {
      "branch_length": 0.00038174
    },
    "7885-C8": {
      "branch_length": 0.00121986
    },
    "7885-C9": {
      "branch_length": 0.00032981
    },
    "7885-D8": {
      "branch_length": 0.00145628
    },
    "7885-D9": {
      "branch_length": 0.00061238
    },
    "7885-E8": {
      "branch_length": 0.00055706
    },
    "7885-E9": {
      "branch_length": 0.00033005
    },
    "7885-F8": {
      "branch_length": 0.00123357
    },
    "7885-F9": {
      "branch_length": 0.00025529
    },
    "7885-G8": {
      "branch_length": 0.00180185
    },
    "7885-H8": {
      "branch_length": 0.00092985
    },
    "MT_DQ832718.1": {
      "branch_length": 0.0
    },
    "NODE_0000000": {
      "branch_length": 0.001
    },
    "NODE_0000001": {
      "branch_length": 2.56e-06
    },
    "NODE_0000002": {
      "branch_length": 1e-06
    },
    "NODE_0000003": {
      "branch_length": 2.39e-06
    },
    "NODE_0000004": {
      "branch_length": 2.53e-06
    },
    "NODE_0000005": {
      "branch_length": 5.175e-05
    },
    "NODE_0000006": {
      "branch_length": 2.544e-05
    },
    "NODE_0000007": {
      "branch_length": 0.00010176
    },
    "NODE_0000008": {
      "branch_length": 0.00395971
    },
    "NODE_0000009": {
      "branch_length": 0.00084601
    },
    "NODE_0000010": {
      "branch_length": 0.00014347
    },
    "NODE_0000011": {
      "branch_length": 1e-06
    },
    "NODE_0000012": {
      "branch_length": 1e-06
    },
    "NODE_0000013": {
      "branch_length": 1e-06
    },
    "NODE_0000014": {
      "branch_length": 5.851e-05
    },
    "NODE_0000015": {
      "branch_length": 0.00018373
    },
    "NODE_0000016": {
      "branch_length": 9.547e-05
    },
    "NODE_0000017": {
      "branch_length": 7.912e-05
    },
    "NODE_0000018": {
      "branch_length": 0.00065303
    },
    "NODE_0000019": {
      "branch_length": 0.00020355
    },
    "NODE_0000020": {
      "branch_length": 1e-06
    },
    "NODE_0000021": {
      "branch_length": 1e-06
    },
    "NODE_0000022": {
      "branch_length": 1e-06
    },
    "NODE_0000023": {
      "branch_length": 1e-06
    },
    "NODE_0000024": {
      "branch_length": 1e-06
    },
    "NODE_0000025": {
      "branch_length": 2.55e-06
    },
    "NODE_0000026": {
      "branch_length": 2.473e-05
    },
    "NODE_0000027": {
      "branch_length": 7.632e-05
    },
    "NODE_0000028": {
      "branch_length": 0.00012697
    },
    "NODE_0000029": {
      "branch_length": 1e-06
    },
    "NODE_0000030": {
      "branch_length": 1e-06
    },
    "NODE_0000031": {
      "branch_length": 1e-06
    },
    "NODE_0000032": {
      "branch_length": 1e-06
    },
    "NODE_0000033": {
      "branch_length": 0.0
    },
    "NODE_0000034": {
      "branch_length": 2.544e-05
    },
    "NODE_0000035": {
      "branch_length": 2.53e-06
    },
    "NODE_0000036": {
      "branch_length": 2.548e-05
    },
    "NODE_0000037": {
      "branch_length": 2.846e-05
    },
    "NODE_0000038": {
      "branch_length": 0.00015563
    },
    "NODE_0000039": {
      "branch_length": 8.371e-05
    },
    "NODE_0000040": {
      "branch_length": 0.00031118
    },
    "Pram_06-0012_NA2": {
      "branch_length": 1e-06
    },
    "Pram_07-17204_NA2": {
      "branch_length": 8.436e-05
    },
    "Pram_10-3885_NA2": {
      "branch_length": 2.544e-05
    },
    "Pram_P2111_EU2": {
      "branch_length": 0.00022866
    },
    "Pram_P2460_EU2": {
      "branch_length": 0.00245409
    },
    "Pram_P2461_EU2": {
      "branch_length": 0.00010746
    },
    "Pram_P2561_EU2": {
      "branch_length": 0.0011893
    },
    "Pram_P2586_EU2": {
      "branch_length": 0.00060379
    },
    "Pram_PR-01-018_EU1": {
      "branch_length": 7.632e-05
    },
    "Pram_PR-08-028_EU1": {
      "branch_length": 0.00050907
    },
    "Pram_PR-09-054_NA2": {
      "branch_length": 1e-06
    },
    "Pram_PR-09-150_EU1": {
      "branch_length": 1e-06
    },
    "Pram_PR-10-145_EU1": {
      "branch_length": 0.00015265
    },
    "Pram_PR-99-002_EU1": {
      "branch_length": 1e-06
    },
    "Pram_PR_05_166_NA2": {
      "branch_length": 0.000229
    },
    "Pram_PR_06_016_NA1": {
      "branch_length": 0.0
    },
    "Pram_PR_07_135_NA1": {
      "branch_length": 0.0
    },
    "Pram_PR_09_126_NA1": {
      "branch_length": 5.088e-05
    },
    "Pram_PR_10_103_NA1": {
      "branch_length": 7.632e-05
    }
  }
}